,Unnamed: 0,citizenship,Other_mau,iOS_mau,Android_mau,13-14_mau,15-19_mau,15-24_mau,20-24_mau,25-29_mau,30-34_mau,35-39_mau,40-44_mau,45-49_mau,50-54_mau,55-59_mau,25-64_mau,60-64_mau,13-nil_mau,65-nil_mau,Total_mau,Male_mau,Female_mau,Graduated_mau,High_School_mau,No_Degree_mau,Location
0,0,AD,1100,4300,5300,1000,1000,1000,1000,1000,1000,1100,1400,1300,1100,1000,8300,1000,9700,1000,9700,4500,5200,3700,2100,3900,Andorra
1,1,AE,1000,2000,1300,1000,1000,1000,1000,1000,1000,1000,1000,1000,1000,1000,3300,1000,3800,1000,3800,2200,1600,2100,1000,1100,United Arab Emirates
2,2,AF,1000,1000,1000,1000,1000,1000,1000,1000,1000,1000,1000,1000,1000,1000,1000,1000,1000,1000,1000,1000,1000,1000,1000,1000,Afghanistan
3,3,AG,1000,1000,1000,1000,1000,1000,1000,1000,1000,1000,1000,1000,1000,1000,1000,1000,1000,1000,1000,1000,1000,1000,1000,1000,Antigua and Barbuda
4,4,AL,1000,1000,1000,1000,1000,1000,1000,1000,1000,1000,1000,1000,1000,1000,1000,1000,1700,1000,1700,1300,1000,1000,1000,1000,Albania
5,5,AM,1000,1000,1000,1000,1000,1000,1000,1000,1000,1000,1000,1000,1000,1000,1000,1000,1000,1000,1000,1000,1000,1000,1000,1000,Armenia
6,6,AO,1000,1000,1000,1000,1000,1000,1000,1000,1000,1000,1000,1000,1000,1000,1000,1000,1800,1000,1800,1200,1000,1100,1000,1000,Angola
7,7,AR,12000,4400,25000,1000,2100,9200,7100,6100,3700,3600,3200,2700,2100,1900,25000,1800,40000,6200,40000,21000,19000,18000,9300,14000,Argentina
8,8,AS,1000,1000,1000,1000,1000,1000,1000,1000,1000,1000,1000,1000,1000,1000,1000,1000,1000,1000,1000,1000,1000,1000,1000,1000,American Samoa
9,9,AT,1000,1500,1500,1000,1000,1000,1000,1000,1000,1000,1000,1000,1000,1000,2200,1000,3200,1000,3200,1800,1400,1400,1000,1100,Austria
10,10,AU,1000,5300,2300,1000,1000,1400,1200,1800,1200,1000,1000,1000,1000,1000,5700,1000,7900,1000,7900,3700,4100,3700,1700,2500,Australia
11,11,AW,1000,1000,1000,1000,1000,1000,1000,1000,1000,1000,1000,1000,1000,1000,1000,1000,1000,1000,1000,1000,1000,1000,1000,1000,Aruba
12,12,AZ,1000,1000,1000,1000,1000,1000,1000,1000,1000,1000,1000,1000,1000,1000,1000,1000,1000,1000,1000,1000,1000,1000,1000,1000,Azerbaijan
13,13,BA,1000,1000,1000,1000,1000,1000,1000,1000,1000,1000,1000,1000,1000,1000,1000,1000,1100,1000,1100,1000,1000,1000,1000,1000,Bosnia and Herzegovina
14,14,BB,1000,1000,1000,1000,1000,1000,1000,1000,1000,1000,1000,1000,1000,1000,1000,1000,1000,1000,1000,1000,1000,1000,1000,1000,Barbados
15,15,BD,1400,1000,1400,1000,1000,1500,1000,1000,1000,1000,1000,1000,1000,1000,1300,1000,2800,1000,2800,2300,1000,1400,1000,1000,Bangladesh
16,16,BE,2800,7200,8500,1000,1000,4100,3100,2700,1800,1500,1300,1100,1100,1100,12000,1000,17000,1200,17000,8600,8100,6600,3800,6400,Belgium
17,17,BF,1000,1000,1000,1000,1000,1000,1000,1000,1000,1000,1000,1000,1000,1000,1000,1000,1000,1000,1000,1000,1000,1000,1000,1000,Burkina Faso
18,18,BG,1000,1000,1500,1000,1000,1000,1000,1000,1000,1000,1000,1000,1000,1000,1500,1000,2300,1000,2300,1400,1000,1000,1000,1000,Bulgaria
19,19,BH,1000,1000,1000,1000,1000,1000,1000,1000,1000,1000,1000,1000,1000,1000,1000,1000,1000,1000,1000,1000,1000,1000,1000,1000,Bahrain
20,20,BI,1000,1000,1000,1000,1000,1000,1000,1000,1000,1000,1000,1000,1000,1000,1000,1000,1000,1000,1000,1000,1000,1000,1000,1000,Burundi
21,21,BJ,1500,1000,1000,1000,1000,1000,1000,1000,1000,1000,1000,1000,1000,1000,1200,1000,2000,1000,2000,1100,1000,1000,1000,1000,Benin
22,22,BM,1000,1000,1000,1000,1000,1000,1000,1000,1000,1000,1000,1000,1000,1000,1000,1000,1000,1000,1000,1000,1000,1000,1000,1000,Bermuda
23,23,BN,1000,1000,1000,1000,1000,1000,1000,1000,1000,1000,1000,1000,1000,1000,1000,1000,1000,1000,1000,1000,1000,1000,1000,1000,Brunei
24,24,BO,4200,1000,8000,1000,2900,6300,3400,2000,1200,1000,1000,1000,1000,1000,5900,1000,13000,1000,13000,7300,5400,4800,3400,4600,Bolivia
25,25,BR,9800,5800,23000,1000,4000,12000,7800,6300,4200,3400,2600,2100,1400,1200,22000,1000,37000,2900,37000,23000,14000,16000,9200,12000,Brazil
26,26,BS,1000,1000,1000,1000,1000,1000,1000,1000,1000,1000,1000,1000,1000,1000,1000,1000,1000,1000,1000,1000,1000,1000,1000,1000,Bahamas
27,27,BT,1000,1000,1000,1000,1000,1000,1000,1000,1000,1000,1000,1000,1000,1000,1000,1000,1000,1000,1000,1000,1000,1000,1000,1000,Bhutan
28,28,BW,1000,1000,1000,1000,1000,1000,1000,1000,1000,1000,1000,1000,1000,1000,1000,1000,1000,1000,1000,1000,1000,1000,1000,1000,Botswana
29,29,BY,1000,1000,1000,1000,1000,1000,1000,1000,1000,1000,1000,1000,1000,1000,1000,1000,1000,1000,1000,1000,1000,1000,1000,1000,Belarus
30,30,BZ,1000,1000,1000,1000,1000,1000,1000,1000,1000,1000,1000,1000,1000,1000,1000,1000,1000,1000,1000,1000,1000,1000,1000,1000,Belize
31,31,CA,1200,4000,2400,1000,1000,1000,1000,1100,1000,1000,1000,1000,1000,1000,5200,1000,6900,1000,6900,3500,3400,3200,1300,2300,Canada
32,32,CD,1000,1000,1000,1000,1000,1000,1000,1000,1000,1000,1000,1000,1000,1000,1000,1000,1400,1000,1400,1100,1000,1100,1000,1000,Congo Dem. Rep.
33,33,CF,1000,1000,1000,1000,1000,1000,1000,1000,1000,1000,1000,1000,1000,1000,1000,1000,1000,1000,1000,1000,1000,1000,1000,1000,Central African Republic
34,34,CG,1000,1000,1000,1000,1000,1000,1000,1000,1000,1000,1000,1000,1000,1000,1000,1000,1000,1000,1000,1000,1000,1000,1000,1000,Congo Rep.
35,35,CH,2800,15000,11000,1000,1000,3400,2900,3600,3500,3400,3300,2700,2300,2000,22000,1200,27000,1400,27000,13000,13000,9700,5900,11000,Switzerland
36,36,CI,2100,1000,1000,1000,1000,1400,1000,1000,1000,1000,1000,1000,1000,1000,1700,1000,3300,1000,3300,2400,1000,1400,1000,1300,Cote d'Ivoire
37,37,CK,1000,1000,1000,1000,1000,1000,1000,1000,1000,1000,1000,1000,1000,1000,1000,1000,1000,1000,1000,1000,1000,1000,1000,1000,Cook Islands
38,38,CL,5200,4700,13000,1000,1000,4700,3900,4800,3100,2400,1900,1500,1200,1000,16000,1000,22000,1100,22000,13000,9200,9700,5000,6800,Chile
39,39,CM,1000,1000,1000,1000,1000,1000,1000,1000,1000,1000,1000,1000,1000,1000,1000,1000,1600,1000,1600,1100,1000,1000,1000,1000,Cameroon
40,40,CN,1200,1800,1000,1000,1000,1000,1000,1100,1000,1000,1000,1000,1000,1000,2700,1000,3500,1000,3500,1700,1700,1600,1000,1300,China
41,41,CO,23000,5000,45000,1000,10000,26000,16000,13000,8200,6400,4600,3700,2700,1800,42000,1100,70000,2000,70000,38000,33000,33000,17000,21000,Colombia
42,42,CR,1000,1000,1900,1000,1000,1000,1000,1000,1000,1000,1000,1000,1000,1000,2600,1000,3600,1000,3600,2000,1600,1400,1000,1400,Costa Rica
43,43,CV,1000,1000,1000,1000,1000,1000,1000,1000,1000,1000,1000,1000,1000,1000,1000,1000,1000,1000,1000,1000,1000,1000,1000,1000,Cape Verde
44,44,CW,1000,1000,1000,1000,1000,1000,1000,1000,1000,1000,1000,1000,1000,1000,1000,1000,1000,1000,1000,1000,1000,1000,1000,1000,Curacao
45,45,CY,1000,1000,1000,1000,1000,1000,1000,1000,1000,1000,1000,1000,1000,1000,1000,1000,1000,1000,1000,1000,1000,1000,1000,1000,Cyprus
46,46,CZ,1000,1000,1700,1000,1000,1200,1000,1000,1000,1000,1000,1000,1000,1000,1600,1000,2900,1000,2900,1800,1100,1200,1000,1000,Czech Republic
47,47,DE,5800,16000,19000,1000,1000,7100,6200,7700,5700,4200,3400,2700,2300,1700,29000,1100,38000,2100,38000,20000,18000,15000,8700,14000,Germany
48,48,DJ,1000,1000,1000,1000,1000,1000,1000,1000,1000,1000,1000,1000,1000,1000,1000,1000,1000,1000,1000,1000,1000,1000,1000,1000,Djibouti
49,49,DK,1000,2000,1000,1000,1000,1000,1000,1000,1000,1000,1000,1000,1000,1000,2000,1000,3000,1000,3000,1600,1400,1400,1000,1000,Denmark
50,50,DM,1000,1000,1000,1000,1000,1000,1000,1000,1000,1000,1000,1000,1000,1000,1000,1000,1000,1000,1000,1000,1000,1000,1000,1000,Dominica
51,51,DO,3000,2200,5400,1000,1000,2800,1900,1800,1200,1000,1000,1000,1000,1000,6500,1000,9800,1000,9800,5300,4400,4800,2000,3000,Dominican Republic
52,52,DZ,26000,1900,21000,1000,8500,22000,13000,13000,6400,2300,1100,1000,1000,1000,25000,1000,48000,1000,48000,38000,11000,24000,9100,15000,Algeria
53,53,EC,9700,3500,22000,1000,6300,16000,9300,5200,3000,2600,2000,1500,1000,1000,16000,1000,33000,1000,33000,19000,14000,15000,9100,9400,Ecuador
54,54,EE,1000,1000,1000,1000,1000,1000,1000,1000,1000,1000,1000,1000,1000,1000,1000,1000,1000,1000,1000,1000,1000,1000,1000,1000,Estonia
55,55,EG,3900,1000,4100,1000,1600,3900,2200,1800,1100,1000,1000,1000,1000,1000,4400,1000,8600,1000,8600,6900,1700,4100,1900,2500,Egypt
56,56,EH,1000,1000,1000,1000,1000,1000,1000,1000,1000,1000,1000,1000,1000,1000,1000,1000,1000,1000,1000,1000,1000,1000,1000,1000,Western Sahara
57,57,ER,1000,1000,1000,1000,1000,1000,1000,1000,1000,1000,1000,1000,1000,1000,1000,1000,1000,1000,1000,1000,1000,1000,1000,1000,Eritrea
58,58,ES,1400,3300,4400,1000,1000,1900,1600,1500,1100,1200,1200,1000,1000,1000,5900,1000,8400,1100,8400,4700,3700,3500,2100,2800,Spain
59,59,ET,1000,1000,1000,1000,1000,1000,1000,1000,1000,1000,1000,1000,1000,1000,1300,1000,1700,1000,1700,1300,1000,1000,1000,1000,Ethiopia
60,60,FI,1000,1000,1000,1000,1000,1000,1000,1000,1000,1000,1000,1000,1000,1000,1000,1000,1300,1000,1300,1000,1000,1000,1000,1000,Finland
61,61,FJ,1000,1000,1000,1000,1000,1000,1000,1000,1000,1000,1000,1000,1000,1000,1000,1000,1000,1000,1000,1000,1000,1000,1000,1000,Fiji
62,62,FK,1000,1000,1000,1000,1000,1000,1000,1000,1000,1000,1000,1000,1000,1000,1000,1000,1000,1000,1000,1000,1000,1000,1000,1000,Falkland Islands
63,63,FM,1000,1000,1000,1000,1000,1000,1000,1000,1000,1000,1000,1000,1000,1000,1000,1000,1000,1000,1000,1000,1000,1000,1000,1000,Micronesia
64,64,FO,1000,1000,1000,1000,1000,1000,1000,1000,1000,1000,1000,1000,1000,1000,1000,1000,1000,1000,1000,1000,1000,1000,1000,1000,Faroe Islands
65,65,FR,16000,40000,44000,1000,3600,23000,19000,17000,9900,7200,6000,6000,5900,5200,61000,4300,92000,8100,92000,47000,45000,35000,21000,35000,France
66,66,GA,1000,1000,1000,1000,1000,1000,1000,1000,1000,1000,1000,1000,1000,1000,1000,1000,1000,1000,1000,1000,1000,1000,1000,1000,Gabon
67,67,GB,6800,38000,28000,1000,2100,15000,13000,16000,11000,7300,5400,3800,2400,1400,49000,1000,67000,2700,67000,31000,35000,33000,17000,17000,United Kingdom
68,68,GD,1000,1000,1000,1000,1000,1000,1000,1000,1000,1000,1000,1000,1000,1000,1000,1000,1000,1000,1000,1000,1000,1000,1000,1000,Grenada
69,69,GE,1000,1000,1000,1000,1000,1000,1000,1000,1000,1000,1000,1000,1000,1000,1000,1000,1600,1000,1600,1100,1000,1000,1000,1000,Georgia
70,70,GF,1000,1000,1000,1000,1000,1000,1000,1000,1000,1000,1000,1000,1000,1000,1000,1000,1000,1000,1000,1000,1000,1000,1000,1000,French Guiana
71,71,GG,1000,1000,1000,1000,1000,1000,1000,1000,1000,1000,1000,1000,1000,1000,1000,1000,1000,1000,1000,1000,1000,1000,1000,1000,Guernsey
72,72,GH,2000,1000,1700,1000,1100,2100,1100,1000,1000,1000,1000,1000,1000,1000,1600,1000,4000,1000,4000,3200,1000,2300,1000,1100,Ghana
73,73,GI,1000,1000,1000,1000,1000,1000,1000,1000,1000,1000,1000,1000,1000,1000,1000,1000,1000,1000,1000,1000,1000,1000,1000,1000,Gibraltar
74,74,GL,1000,1000,1000,1000,1000,1000,1000,1000,1000,1000,1000,1000,1000,1000,1000,1000,1000,1000,1000,1000,1000,1000,1000,1000,Greenland
75,75,GM,1000,1000,1000,1000,1000,1000,1000,1000,1000,1000,1000,1000,1000,1000,1000,1000,1000,1000,1000,1000,1000,1000,1000,1000,Gambia
76,76,GN,1000,1000,1000,1000,1000,1000,1000,1000,1000,1000,1000,1000,1000,1000,1000,1000,1100,1000,1100,1000,1000,1000,1000,1000,Guinea-Bissau
77,77,GP,1000,1000,1000,1000,1000,1000,1000,1000,1000,1000,1000,1000,1000,1000,1000,1000,1000,1000,1000,1000,1000,1000,1000,1000,Guadeloupe
78,78,GQ,1000,1000,1000,1000,1000,1000,1000,1000,1000,1000,1000,1000,1000,1000,1000,1000,1000,1000,1000,1000,1000,1000,1000,1000,Equatorial Guinea
79,79,GR,1000,1000,2300,1000,1000,1000,1000,1000,1000,1000,1000,1000,1000,1000,2500,1000,3600,1000,3600,2300,1300,1700,1000,1000,Greece
80,80,GT,2600,1100,6000,1000,1700,4700,3000,1900,1000,1000,1000,1000,1000,1000,4200,1000,9300,1000,9300,6200,3100,3900,2300,3000,Guatemala
81,81,GU,1000,1000,1000,1000,1000,1000,1000,1000,1000,1000,1000,1000,1000,1000,1000,1000,1000,1000,1000,1000,1000,1000,1000,1000,Guam
82,82,GW,1000,1000,1000,1000,1000,1000,1000,1000,1000,1000,1000,1000,1000,1000,1000,1000,1000,1000,1000,1000,1000,1000,1000,1000,Guinea
83,83,GY,1000,1000,1000,1000,1000,1000,1000,1000,1000,1000,1000,1000,1000,1000,1000,1000,1000,1000,1000,1000,1000,1000,1000,1000,Guyana
84,84,HK,1000,1000,1000,1000,1000,1000,1000,1000,1000,1000,1000,1000,1000,1000,1000,1000,1100,1000,1100,1000,1000,1000,1000,1000,Hong Kong
85,85,HN,2200,1000,4000,1000,1100,3200,2200,1500,1000,1000,1000,1000,1000,1000,3200,1000,6600,1000,6600,4000,2600,3100,1700,1900,Honduras
86,86,HR,1000,1000,1200,1000,1000,1000,1000,1000,1000,1000,1000,1000,1000,1000,1000,1000,1600,1000,1600,1200,1000,1000,1000,1000,Croatia
87,87,HT,1000,1000,1000,1000,1000,1000,1000,1000,1000,1000,1000,1000,1000,1000,1000,1000,1000,1000,1000,1000,1000,1000,1000,1000,Haiti
88,88,HU,1000,1000,1200,1000,1000,1000,1000,1000,1000,1000,1000,1000,1000,1000,1100,1000,2100,1000,2100,1500,1000,1000,1000,1000,Hungary
89,89,ID,27000,3000,66000,1300,14000,51000,36000,24000,9800,2900,1100,1000,1000,1000,39000,1000,93000,3300,93000,78000,15000,52000,25000,17000,Indonesia
90,90,IE,1000,3100,3600,1000,1000,1500,1300,1800,1100,1000,1000,1000,1000,1000,4900,1000,6600,1000,6600,2500,4000,3400,1600,1500,Ireland
91,91,IL,1000,1000,1300,1000,1000,1000,1000,1000,1000,1000,1000,1000,1000,1000,1600,1000,2600,1000,2600,1700,1000,1100,1000,1000,Israel
92,92,IM,1000,1000,1000,1000,1000,1000,1000,1000,1000,1000,1000,1000,1000,1000,1000,1000,1000,1000,1000,1000,1000,1000,1000,1000,Isle of Man
93,93,IN,11000,1000,8500,1000,2900,8100,5200,5500,2600,1300,1000,1000,1000,1000,12000,1000,20000,1000,20000,14000,5700,8300,3000,8700,India
94,94,IQ,2100,1000,2600,1000,1000,2500,1600,1300,1000,1000,1000,1000,1000,1000,2700,1000,5400,1000,5400,4800,1000,2500,1200,1600,Iraq
95,95,IS,1000,1000,1000,1000,1000,1000,1000,1000,1000,1000,1000,1000,1000,1000,1000,1000,1000,1000,1000,1000,1000,1000,1000,1000,Iceland
96,96,IT,5100,13000,17000,1000,1000,8800,7800,6200,4000,3100,2600,2300,1700,1200,22000,1000,32000,1400,32000,17000,15000,13000,8500,10000,Italy
97,97,JE,1000,1000,1000,1000,1000,1000,1000,1000,1000,1000,1000,1000,1000,1000,1000,1000,1000,1000,1000,1000,1000,1000,1000,1000,Jersey
98,98,JM,1000,1000,1000,1000,1000,1000,1000,1000,1000,1000,1000,1000,1000,1000,1000,1000,1000,1000,1000,1000,1000,1000,1000,1000,Jamaica
99,99,JO,1000,1000,1500,1000,1000,1200,1000,1000,1000,1000,1000,1000,1000,1000,1500,1000,2800,1000,2800,2000,1000,1100,1000,1000,Jordan
100,100,JP,1000,1700,1000,1000,1000,1000,1000,1000,1000,1000,1000,1000,1000,1000,2300,1000,2800,1000,2800,1600,1200,1200,1000,1100,Japan
101,101,KE,1000,1000,1000,1000,1000,1000,1000,1000,1000,1000,1000,1000,1000,1000,1000,1000,1600,1000,1600,1100,1000,1000,1000,1000,Kenya
102,102,KG,1000,1000,1000,1000,1000,1000,1000,1000,1000,1000,1000,1000,1000,1000,1000,1000,1000,1000,1000,1000,1000,1000,1000,1000,Kyrgyzstan
103,103,KH,1000,1000,1000,1000,1000,1000,1000,1000,1000,1000,1000,1000,1000,1000,1000,1000,1000,1000,1000,1000,1000,1000,1000,1000,Cambodia
104,104,KI,1000,1000,1000,1000,1000,1000,1000,1000,1000,1000,1000,1000,1000,1000,1000,1000,1000,1000,1000,1000,1000,1000,1000,1000,Kiribati
105,105,KM,1000,1000,1000,1000,1000,1000,1000,1000,1000,1000,1000,1000,1000,1000,1000,1000,1000,1000,1000,1000,1000,1000,1000,1000,Comoros
106,106,KN,1000,1000,1000,1000,1000,1000,1000,1000,1000,1000,1000,1000,1000,1000,1000,1000,1000,1000,1000,1000,1000,1000,1000,1000,Saint Kitts and Nevis
107,107,KR,1000,1000,1000,1000,1000,1000,1000,1000,1000,1000,1000,1000,1000,1000,1300,1000,2100,1000,2100,1500,1000,1000,1000,1000,South Korea
108,108,KW,1000,1000,1000,1000,1000,1000,1000,1000,1000,1000,1000,1000,1000,1000,1000,1000,1000,1000,1000,1000,1000,1000,1000,1000,Kuwait
109,109,KY,1000,1000,1000,1000,1000,1000,1000,1000,1000,1000,1000,1000,1000,1000,1000,1000,1000,1000,1000,1000,1000,1000,1000,1000,Cayman Islands
110,110,KZ,1000,1000,1000,1000,1000,1000,1000,1000,1000,1000,1000,1000,1000,1000,1000,1000,1000,1000,1000,1000,1000,1000,1000,1000,Kazakhstan
111,111,LA,1000,1000,1000,1000,1000,1000,1000,1000,1000,1000,1000,1000,1000,1000,1000,1000,1000,1000,1000,1000,1000,1000,1000,1000,Laos
112,112,LB,1000,1000,1000,1000,1000,1000,1000,1000,1000,1000,1000,1000,1000,1000,1000,1000,1400,1000,1400,1000,1000,1000,1000,1000,Lebanon
113,113,LC,1000,1000,1000,1000,1000,1000,1000,1000,1000,1000,1000,1000,1000,1000,1000,1000,1000,1000,1000,1000,1000,1000,1000,1000,Saint Lucia
114,114,LI,1000,1000,1000,1000,1000,1000,1000,1000,1000,1000,1000,1000,1000,1000,1000,1000,1000,1000,1000,1000,1000,1000,1000,1000,Liechtenstein
115,115,LK,1000,1000,1000,1000,1000,1000,1000,1000,1000,1000,1000,1000,1000,1000,1000,1000,1000,1000,1000,1000,1000,1000,1000,1000,Sri Lanka
116,116,LR,1000,1000,1000,1000,1000,1000,1000,1000,1000,1000,1000,1000,1000,1000,1000,1000,1000,1000,1000,1000,1000,1000,1000,1000,Liberia
117,117,LS,1000,1000,1000,1000,1000,1000,1000,1000,1000,1000,1000,1000,1000,1000,1000,1000,1000,1000,1000,1000,1000,1000,1000,1000,Lesotho
118,118,LT,1000,1000,1000,1000,1000,1000,1000,1000,1000,1000,1000,1000,1000,1000,1000,1000,1000,1000,1000,1000,1000,1000,1000,1000,Lithuania
119,119,LU,1000,1000,1000,1000,1000,1000,1000,1000,1000,1000,1000,1000,1000,1000,1200,1000,1400,1000,1400,1000,1000,1000,1000,1000,Luxembourg
120,120,LV,1000,1000,1000,1000,1000,1000,1000,1000,1000,1000,1000,1000,1000,1000,1000,1000,1000,1000,1000,1000,1000,1000,1000,1000,Latvia
121,121,LY,1400,1000,1000,1000,1000,1100,1000,1000,1000,1000,1000,1000,1000,1000,1400,1000,2500,1000,2500,1900,1000,1200,1000,1000,Libya
122,122,MA,28000,4000,22000,1000,9200,23000,13000,12000,8000,3600,1800,1200,1000,1000,28000,1000,52000,1000,52000,40000,12000,23000,10000,19000,Morocco
123,123,MC,1000,1000,1000,1000,1000,1000,1000,1000,1000,1000,1000,1000,1000,1000,1000,1000,1000,1000,1000,1000,1000,1000,1000,1000,Monaco
124,124,MD,1000,1000,1000,1000,1000,1000,1000,1000,1000,1000,1000,1000,1000,1000,1000,1000,1000,1000,1000,1000,1000,1000,1000,1000,Moldova
125,125,ME,1000,1000,1000,1000,1000,1000,1000,1000,1000,1000,1000,1000,1000,1000,1000,1000,1000,1000,1000,1000,1000,1000,1000,1000,Montenegro
126,126,MF,1000,1000,1000,1000,1000,1000,1000,1000,1000,1000,1000,1000,1000,1000,1000,1000,1000,1000,1000,1000,1000,1000,1000,1000,Saint Martin
127,127,MG,1000,1000,1000,1000,1000,1000,1000,1000,1000,1000,1000,1000,1000,1000,1000,1000,1000,1000,1000,1000,1000,1000,1000,1000,Madagascar
128,128,MH,1000,1000,1000,1000,1000,1000,1000,1000,1000,1000,1000,1000,1000,1000,1000,1000,1000,1000,1000,1000,1000,1000,1000,1000,Marshall Islands
129,129,MK,1000,1000,1000,1000,1000,1000,1000,1000,1000,1000,1000,1000,1000,1000,1000,1000,1200,1000,1200,1000,1000,1000,1000,1000,Macedonia
130,130,ML,1000,1000,1000,1000,1000,1000,1000,1000,1000,1000,1000,1000,1000,1000,1000,1000,1300,1000,1300,1100,1000,1000,1000,1000,Mali
131,131,MM,1000,1000,1000,1000,1000,1000,1000,1000,1000,1000,1000,1000,1000,1000,1000,1000,1000,1000,1000,1000,1000,1000,1000,1000,Myanmar
132,132,MN,1000,1000,1000,1000,1000,1000,1000,1000,1000,1000,1000,1000,1000,1000,1000,1000,1000,1000,1000,1000,1000,1000,1000,1000,Mongolia
133,133,MO,1000,1000,1000,1000,1000,1000,1000,1000,1000,1000,1000,1000,1000,1000,1000,1000,1000,1000,1000,1000,1000,1000,1000,1000,Macau
134,134,MP,1000,1000,1000,1000,1000,1000,1000,1000,1000,1000,1000,1000,1000,1000,1000,1000,1000,1000,1000,1000,1000,1000,1000,1000,Northern Mariana Islands
135,135,MQ,1000,1000,1000,1000,1000,1000,1000,1000,1000,1000,1000,1000,1000,1000,1000,1000,1000,1000,1000,1000,1000,1000,1000,1000,Martinique
136,136,MR,1000,1000,1000,1000,1000,1000,1000,1000,1000,1000,1000,1000,1000,1000,1000,1000,1400,1000,1400,1100,1000,1000,1000,1000,Mauritania
137,137,MS,1000,1000,1000,1000,1000,1000,1000,1000,1000,1000,1000,1000,1000,1000,1000,1000,1000,1000,1000,1000,1000,1000,1000,1000,Montserrat
138,138,MT,1000,1000,1000,1000,1000,1000,1000,1000,1000,1000,1000,1000,1000,1000,1000,1000,1000,1000,1000,1000,1000,1000,1000,1000,Malta
139,139,MU,1000,1000,1000,1000,1000,1000,1000,1000,1000,1000,1000,1000,1000,1000,1000,1000,1000,1000,1000,1000,1000,1000,1000,1000,Mauritius
140,140,MV,1000,1000,1000,1000,1000,1000,1000,1000,1000,1000,1000,1000,1000,1000,1000,1000,1000,1000,1000,1000,1000,1000,1000,1000,Maldives
141,141,MW,1000,1000,1000,1000,1000,1000,1000,1000,1000,1000,1000,1000,1000,1000,1000,1000,1000,1000,1000,1000,1000,1000,1000,1000,Malawi
142,142,MX,40000,33000,110000,1200,21000,73000,52000,37000,18000,12000,8100,6500,4200,2900,90000,1700,170000,4400,170000,110000,61000,84000,42000,43000,Mexico
143,143,MY,1800,1900,4600,1000,1000,3300,2800,2100,1200,1000,1000,1000,1000,1000,4400,1000,8000,1000,8000,6600,1300,4700,1900,1300,Malaysia
144,144,MZ,1000,1000,1000,1000,1000,1000,1000,1000,1000,1000,1000,1000,1000,1000,1000,1000,1000,1000,1000,1000,1000,1000,1000,1000,Mozambique
146,146,NC,1000,1000,1000,1000,1000,1000,1000,1000,1000,1000,1000,1000,1000,1000,1000,1000,1000,1000,1000,1000,1000,1000,1000,1000,New Caledonia
147,147,NE,1000,1000,1000,1000,1000,1000,1000,1000,1000,1000,1000,1000,1000,1000,1000,1000,1000,1000,1000,1000,1000,1000,1000,1000,Niger
148,148,NF,1000,1000,1000,1000,1000,1000,1000,1000,1000,1000,1000,1000,1000,1000,1000,1000,1000,1000,1000,1000,1000,1000,1000,1000,Norfolk Island
149,149,NG,5500,1000,2200,1000,1600,3300,1700,1500,1100,1000,1000,1000,1000,1000,4200,1000,8000,1000,8000,6200,1800,4300,1200,2500,Nigeria
150,150,NI,2900,1000,4400,1000,1100,2900,1800,1600,1100,1000,1000,1000,1000,1000,4300,1000,7500,1000,7500,3900,3600,3100,2100,2400,Nicaragua
151,151,NL,1400,6100,5200,1000,1000,2500,2100,2200,1600,1300,1100,1000,1000,1000,8500,1000,12000,1000,12000,5900,5700,5100,2800,3800,Netherlands
152,152,NO,1000,2200,1600,1000,1000,1000,1000,1000,1000,1000,1000,1000,1000,1000,2700,1000,3800,1000,3800,2000,1800,1700,1000,1200,Norway
153,153,NP,1000,1000,1000,1000,1000,1000,1000,1000,1000,1000,1000,1000,1000,1000,1000,1000,1400,1000,1400,1200,1000,1000,1000,1000,Nepal
154,154,NR,1000,1000,1000,1000,1000,1000,1000,1000,1000,1000,1000,1000,1000,1000,1000,1000,1000,1000,1000,1000,1000,1000,1000,1000,Nauru
155,155,NU,1000,1000,1000,1000,1000,1000,1000,1000,1000,1000,1000,1000,1000,1000,1000,1000,1000,1000,1000,1000,1000,1000,1000,1000,Niue
156,156,NZ,1000,1000,1000,1000,1000,1000,1000,1000,1000,1000,1000,1000,1000,1000,1000,1000,1000,1000,1000,1000,1000,1000,1000,1000,New Zealand
157,157,OM,1000,1000,1000,1000,1000,1000,1000,1000,1000,1000,1000,1000,1000,1000,1000,1000,1000,1000,1000,1000,1000,1000,1000,1000,Oman
158,158,PA,1000,1000,1900,1000,1000,1000,1000,1000,1000,1000,1000,1000,1000,1000,2600,1000,3400,1000,3400,2100,1300,1600,1000,1000,Panama
159,159,PE,14000,2800,22000,1000,5500,16000,9800,7000,4300,3100,2300,1700,1200,1000,21000,1000,38000,1000,38000,23000,14000,17000,9000,12000,Peru
160,160,PF,1000,1000,1000,1000,1000,1000,1000,1000,1000,1000,1000,1000,1000,1000,1000,1000,1000,1000,1000,1000,1000,1000,1000,1000,French Polynesia
161,161,PG,1000,1000,1000,1000,1000,1000,1000,1000,1000,1000,1000,1000,1000,1000,1000,1000,1000,1000,1000,1000,1000,1000,1000,1000,Papua New Guinea
162,162,PH,9600,4400,16000,1000,5100,12000,7100,5900,3300,2100,1300,1000,1000,1000,15000,1000,28000,1000,28000,13000,15000,15000,6900,6200,Philippines
163,163,PK,2300,1000,3000,1000,1000,2300,1500,1400,1000,1000,1000,1000,1000,1000,3400,1000,5800,1000,5800,4800,1000,2800,1000,2000,Pakistan
164,164,PL,1000,1800,3800,1000,1000,2900,2100,1100,1000,1000,1000,1000,1000,1000,3000,1000,6100,1000,6100,3900,2100,2400,1800,1900,Poland
165,165,PM,1000,1000,1000,1000,1000,1000,1000,1000,1000,1000,1000,1000,1000,1000,1000,1000,1000,1000,1000,1000,1000,1000,1000,1000,Saint Pierre and Miquelon
166,166,PN,1000,1000,1000,1000,1000,1000,1000,1000,1000,1000,1000,1000,1000,1000,1000,1000,1000,1000,1000,1000,1000,1000,1000,1000,Pitcairn
167,167,PR,1000,1000,1000,1000,1000,1000,1000,1000,1000,1000,1000,1000,1000,1000,1700,1000,2300,1000,2300,1100,1200,1000,1000,1000,Puerto Rico
168,168,PS,1000,1000,1200,1000,1000,1100,1000,1000,1000,1000,1000,1000,1000,1000,1000,1000,2100,1000,2100,1300,1000,1000,1000,1000,Palestine
169,169,PT,2100,3000,6400,1000,1000,2200,1800,1700,1200,1200,1300,1000,1000,1000,7900,1000,11000,1000,11000,5200,5500,4700,2600,3300,Portugal
170,170,PW,1000,1000,1000,1000,1000,1000,1000,1000,1000,1000,1000,1000,1000,1000,1000,1000,1000,1000,1000,1000,1000,1000,1000,1000,Palau
171,171,PY,1200,1000,3000,1000,1000,1500,1000,1000,1000,1000,1000,1000,1000,1000,2800,1000,4400,1000,4400,2500,2000,1900,1000,1600,Paraguay
172,172,QA,1000,1000,1000,1000,1000,1000,1000,1000,1000,1000,1000,1000,1000,1000,1000,1000,1200,1000,1200,1000,1000,1000,1000,1000,Qatar
173,173,RE,1000,1000,1000,1000,1000,1000,1000,1000,1000,1000,1000,1000,1000,1000,1000,1000,1000,1000,1000,1000,1000,1000,1000,1000,Reunion
174,174,RO,1900,1600,5400,1000,1100,2900,1800,1300,1200,1000,1000,1000,1000,1000,5200,1000,8400,1000,8400,4900,3500,3300,1900,3200,Romania
175,175,RS,1000,1000,1300,1000,1000,1000,1000,1000,1000,1000,1000,1000,1000,1000,1300,1000,2100,1000,2100,1400,1000,1000,1000,1000,Serbia
176,176,RU,1200,1200,1100,1000,1000,1000,1000,1000,1000,1000,1000,1000,1000,1000,2600,1000,3300,1000,3300,1400,1900,1400,1000,1400,Russia
177,177,RW,1000,1000,1000,1000,1000,1000,1000,1000,1000,1000,1000,1000,1000,1000,1000,1000,1000,1000,1000,1000,1000,1000,1000,1000,Rwanda
178,178,SA,1000,1000,1200,1000,1000,1000,1000,1000,1000,1000,1000,1000,1000,1000,2300,1000,2900,1000,2900,2200,1000,1600,1000,1000,Saudi Arabia
179,179,SB,1000,1000,1000,1000,1000,1000,1000,1000,1000,1000,1000,1000,1000,1000,1000,1000,1000,1000,1000,1000,1000,1000,1000,1000,Solomon Islands
180,180,SC,1000,1000,1000,1000,1000,1000,1000,1000,1000,1000,1000,1000,1000,1000,1000,1000,1000,1000,1000,1000,1000,1000,1000,1000,Seychelles
181,181,SE,1000,3200,1800,1000,1000,1200,1000,1000,1000,1000,1000,1000,1000,1000,3600,1000,5200,1000,5200,2900,2200,2400,1100,1600,Sweden
182,182,SG,1000,1000,1000,1000,1000,1000,1000,1000,1000,1000,1000,1000,1000,1000,1200,1000,1500,1000,1500,1000,1000,1000,1000,1000,Singapore
183,183,SH,1000,1000,1000,1000,1000,1000,1000,1000,1000,1000,1000,1000,1000,1000,1000,1000,1000,1000,1000,1000,1000,1000,1000,1000,Saint Helena
184,184,SI,1000,1000,1000,1000,1000,1000,1000,1000,1000,1000,1000,1000,1000,1000,1000,1000,1000,1000,1000,1000,1000,1000,1000,1000,Slovenia
185,185,SJ,1000,1000,1000,1000,1000,1000,1000,1000,1000,1000,1000,1000,1000,1000,1000,1000,1000,1000,1000,1000,1000,1000,1000,1000,Svalbard and Jan Mayen
186,186,SK,1000,1000,1000,1000,1000,1000,1000,1000,1000,1000,1000,1000,1000,1000,1000,1000,1600,1000,1600,1000,1000,1000,1000,1000,Slovakia
187,187,SL,1000,1000,1000,1000,1000,1000,1000,1000,1000,1000,1000,1000,1000,1000,1000,1000,1000,1000,1000,1000,1000,1000,1000,1000,Sierra Leone
188,188,SM,1000,1000,1000,1000,1000,1000,1000,1000,1000,1000,1000,1000,1000,1000,1000,1000,1000,1000,1000,1000,1000,1000,1000,1000,San Marino
189,189,SN,1300,1000,1500,1000,1000,1100,1000,1000,1000,1000,1000,1000,1000,1000,1600,1000,2900,1000,2900,2200,1000,1300,1000,1100,Senegal
190,190,SO,1000,1000,1000,1000,1000,1000,1000,1000,1000,1000,1000,1000,1000,1000,1000,1000,1000,1000,1000,1000,1000,1000,1000,1000,Somalia
191,191,SR,1000,1000,1000,1000,1000,1000,1000,1000,1000,1000,1000,1000,1000,1000,1000,1000,1000,1000,1000,1000,1000,1000,1000,1000,Suriname
192,192,SS,1000,1000,1000,1000,1000,1000,1000,1000,1000,1000,1000,1000,1000,1000,1000,1000,1000,1000,1000,1000,1000,1000,1000,1000,South Sudan
193,193,ST,1000,1000,1000,1000,1000,1000,1000,1000,1000,1000,1000,1000,1000,1000,1000,1000,1000,1000,1000,1000,1000,1000,1000,1000,Sao Tome and Principe
194,194,SV,2500,1000,7000,1000,1300,4900,3600,2200,1100,1000,1000,1000,1000,1000,4800,1000,10000,1000,10000,6400,3600,4600,2500,2900,El Salvador
195,195,SX,1000,1000,1000,1000,1000,1000,1000,1000,1000,1000,1000,1000,1000,1000,1000,1000,1000,1000,1000,1000,1000,1000,1000,1000,Sint Maarten
196,196,SZ,1000,1000,1000,1000,1000,1000,1000,1000,1000,1000,1000,1000,1000,1000,1000,1000,1000,1000,1000,1000,1000,1000,1000,1000,Swaziland
197,197,TC,1000,1000,1000,1000,1000,1000,1000,1000,1000,1000,1000,1000,1000,1000,1000,1000,1000,1000,1000,1000,1000,1000,1000,1000,Turks and Caicos Islands
198,198,TD,1000,1000,1000,1000,1000,1000,1000,1000,1000,1000,1000,1000,1000,1000,1000,1000,1000,1000,1000,1000,1000,1000,1000,1000,Chad
199,199,TG,1000,1000,1000,1000,1000,1000,1000,1000,1000,1000,1000,1000,1000,1000,1000,1000,1000,1000,1000,1000,1000,1000,1000,1000,Togo
200,200,TH,1600,1900,2900,1000,1000,2400,1700,1300,1000,1000,1000,1000,1000,1000,3300,1000,5900,1000,5900,4300,1600,2600,1500,1800,Thailand
201,201,TJ,1000,1000,1000,1000,1000,1000,1000,1000,1000,1000,1000,1000,1000,1000,1000,1000,1000,1000,1000,1000,1000,1000,1000,1000,Tajikistan
202,202,TK,1000,1000,1000,1000,1000,1000,1000,1000,1000,1000,1000,1000,1000,1000,1000,1000,1000,1000,1000,1000,1000,1000,1000,1000,Tokelau
203,203,TL,1000,1000,1000,1000,1000,1000,1000,1000,1000,1000,1000,1000,1000,1000,1000,1000,1000,1000,1000,1000,1000,1000,1000,1000,Timor-Leste
204,204,TM,1000,1000,1000,1000,1000,1000,1000,1000,1000,1000,1000,1000,1000,1000,1000,1000,1000,1000,1000,1000,1000,1000,1000,1000,Turkmenistan
205,205,TN,2100,1000,3700,1000,1000,2400,1700,1800,1000,1000,1000,1000,1000,1000,3400,1000,6100,1000,6100,4900,1200,3100,1300,1700,Tunisia
206,206,TO,1000,1000,1000,1000,1000,1000,1000,1000,1000,1000,1000,1000,1000,1000,1000,1000,1000,1000,1000,1000,1000,1000,1000,1000,Tonga
207,207,TR,1500,1400,2200,1000,1000,1200,1000,1200,1000,1000,1000,1000,1000,1000,3500,1000,4800,1000,4800,3700,1000,2300,1000,1600,Turkey
208,208,TT,1000,1000,1000,1000,1000,1000,1000,1000,1000,1000,1000,1000,1000,1000,1000,1000,1000,1000,1000,1000,1000,1000,1000,1000,Trinidad and Tobago
209,209,TV,1000,1000,1000,1000,1000,1000,1000,1000,1000,1000,1000,1000,1000,1000,1000,1000,1000,1000,1000,1000,1000,1000,1000,1000,Tuvalu
210,210,TW,1000,1000,1000,1000,1000,1000,1000,1000,1000,1000,1000,1000,1000,1000,1000,1000,1000,1000,1000,1000,1000,1000,1000,1000,Taiwan
211,211,TZ,1000,1000,1000,1000,1000,1000,1000,1000,1000,1000,1000,1000,1000,1000,1000,1000,1000,1000,1000,1000,1000,1000,1000,1000,Tanzania
212,212,UA,1000,1000,1000,1000,1000,1000,1000,1000,1000,1000,1000,1000,1000,1000,1200,1000,1600,1000,1600,1000,1000,1000,1000,1000,Ukraine
213,213,UG,1000,1000,1000,1000,1000,1000,1000,1000,1000,1000,1000,1000,1000,1000,1000,1000,1000,1000,1000,1000,1000,1000,1000,1000,Uganda
214,214,US,11000,39000,22000,1000,1700,11000,9800,12000,8300,7600,6500,5700,4100,3500,50000,2200,66000,5200,66000,34000,32000,30000,15000,22000,United States
215,215,UY,1400,1000,2700,1000,1000,1000,1000,1000,1000,1000,1000,1000,1000,1000,3100,1000,4700,1000,4700,2300,2400,2000,1000,1700,Uruguay
216,216,UZ,1000,1000,1000,1000,1000,1000,1000,1000,1000,1000,1000,1000,1000,1000,1000,1000,1000,1000,1000,1000,1000,1000,1000,1000,Uzbekistan
217,217,VC,1000,1000,1000,1000,1000,1000,1000,1000,1000,1000,1000,1000,1000,1000,1000,1000,1000,1000,1000,1000,1000,1000,1000,1000,Saint Vincent and the Grenadines
218,218,VE,26000,2300,20000,1000,7600,17000,9500,7500,5300,4100,3000,2400,1800,1300,26000,1100,47000,2200,47000,22000,25000,22000,12000,13000,Venezuela
219,219,VG,1000,1000,1000,1000,1000,1000,1000,1000,1000,1000,1000,1000,1000,1000,1000,1000,1000,1000,1000,1000,1000,1000,1000,1000,British Virgin Islands
220,220,VI,1000,1000,1000,1000,1000,1000,1000,1000,1000,1000,1000,1000,1000,1000,1000,1000,1000,1000,1000,1000,1000,1000,1000,1000,US Virgin Islands
221,221,VN,1800,1600,1900,1000,1300,2700,1400,1000,1000,1000,1000,1000,1000,1000,2000,1000,4900,1000,4900,3800,1100,2200,1300,1400,Vietnam
222,222,VU,1000,1000,1000,1000,1000,1000,1000,1000,1000,1000,1000,1000,1000,1000,1000,1000,1000,1000,1000,1000,1000,1000,1000,1000,Vanuatu
223,223,WF,1000,1000,1000,1000,1000,1000,1000,1000,1000,1000,1000,1000,1000,1000,1000,1000,1000,1000,1000,1000,1000,1000,1000,1000,Wallis and Futuna
224,224,WS,1000,1000,1000,1000,1000,1000,1000,1000,1000,1000,1000,1000,1000,1000,1000,1000,1000,1000,1000,1000,1000,1000,1000,1000,Samoa
225,225,XK,1000,1000,1000,1000,1000,1000,1000,1000,1000,1000,1000,1000,1000,1000,1000,1000,1000,1000,1000,1000,1000,1000,1000,1000,Kosovo
226,226,YE,1000,1000,1000,1000,1000,1000,1000,1000,1000,1000,1000,1000,1000,1000,1000,1000,1000,1000,1000,1000,1000,1000,1000,1000,Yemen
227,227,YT,1000,1000,1000,1000,1000,1000,1000,1000,1000,1000,1000,1000,1000,1000,1000,1000,1000,1000,1000,1000,1000,1000,1000,1000,Mayotte
228,228,ZA,1100,1000,1000,1000,1000,1000,1000,1000,1000,1000,1000,1000,1000,1000,1300,1000,2300,1000,2300,1500,1000,1300,1000,1000,South Africa
229,229,ZM,1000,1000,1000,1000,1000,1000,1000,1000,1000,1000,1000,1000,1000,1000,1000,1000,1000,1000,1000,1000,1000,1000,1000,1000,Zambia
230,230,ZW,1000,1000,1000,1000,1000,1000,1000,1000,1000,1000,1000,1000,1000,1000,1000,1000,1000,1000,1000,1000,1000,1000,1000,1000,Zimbabwe
